instance size;bitonic sort (CPU);bitonic sort (GPU);odd-even sort (CPU);odd-event sort (GPU)
100;0.000009;0.000007;0.010653;0.105172
100;0.000010;0.000008;0.010814;0.001678
100;0.000008;0.000007;0.008104;0.003009
100;0.000008;0.000007;0.008215;0.002632
100;0.000008;0.000007;0.008177;0.002727
100;0.000008;0.000007;0.009524;0.002498
100;0.000010;0.000008;0.008996;0.002721
100;0.000012;0.000010;0.008224;0.001783
100;0.000009;0.000008;0.008195;0.001817
100;0.000008;0.000007;0.008341;0.001669
100;0.000008;0.000007;0.009693;0.002223
100;0.000010;0.000009;0.009749;0.004060
100;0.000011;0.000009;0.010247;0.002090
100;0.000008;0.000007;0.008640;0.002038
100;0.000008;0.000007;0.008824;0.001910
100;0.000008;0.000007;0.009112;0.002039
100;0.000008;0.000007;0.008918;0.002268
100;0.000009;0.000007;0.009650;0.002278
100;0.000010;0.000008;0.010320;0.002638
100;0.000011;0.000010;0.009608;0.002124
100;0.000008;0.000007;0.008738;0.002678
100;0.000009;0.000006;0.008382;0.002724
100;0.000008;0.000007;0.008394;0.001977
100;0.000008;0.000007;0.008582;0.002582
100;0.000008;0.000007;0.008474;0.002710
100;0.000008;0.000007;0.008378;0.001747
100;0.000008;0.000007;0.008478;0.002925
100;0.000010;0.000009;0.009984;0.003578
100;0.000010;0.000008;0.009207;0.002089
100;0.000008;0.000006;0.008546;0.002678
200;0.000022;0.000020;0.018545;0.004044
200;0.000022;0.000015;0.019174;0.003339
200;0.000017;0.000015;0.020549;0.004073
200;0.000022;0.000020;0.019377;0.002911
200;0.000017;0.000016;0.019139;0.003343
200;0.000017;0.000016;0.019147;0.005993
200;0.000021;0.000019;0.020609;0.002939
200;0.000017;0.000016;0.018260;0.002985
200;0.000017;0.000016;0.017146;0.005561
200;0.000020;0.000017;0.020283;0.002860
200;0.000018;0.000016;0.016907;0.002842
200;0.000017;0.000016;0.017000;0.002672
200;0.000017;0.000016;0.017827;0.005131
200;0.000017;0.000016;0.018569;0.003009
200;0.000017;0.000016;0.021208;0.006359
200;0.000021;0.000018;0.019397;0.002939
200;0.000020;0.000017;0.018341;0.003158
200;0.000017;0.000016;0.018350;0.005054
200;0.000019;0.000023;0.019480;0.006230
200;0.000022;0.000020;0.021956;0.003127
200;0.000019;0.000021;0.018025;0.003002
200;0.000017;0.000016;0.017999;0.006027
200;0.000021;0.000018;0.021427;0.004111
200;0.000031;0.000029;0.017846;0.002944
200;0.000017;0.000016;0.017788;0.002994
200;0.000017;0.000016;0.019052;0.002865
200;0.000018;0.000016;0.017633;0.002772
200;0.000017;0.000016;0.017441;0.003242
200;0.000017;0.000017;0.020899;0.003861
200;0.000028;0.000024;0.021250;0.003061
300;0.000037;0.000032;0.031620;0.004531
300;0.000044;0.000039;0.031948;0.004242
300;0.000028;0.000024;0.024465;0.003769
300;0.000028;0.000026;0.025395;0.003762
300;0.000028;0.000026;0.026003;0.003951
300;0.000027;0.000024;0.027232;0.004004
300;0.000029;0.000026;0.025212;0.004056
300;0.000028;0.000024;0.025296;0.003792
300;0.000027;0.000027;0.027084;0.003910
300;0.000028;0.000024;0.025812;0.003926
300;0.000027;0.000024;0.025424;0.003848
300;0.000028;0.000024;0.028255;0.006952
300;0.000028;0.000025;0.028978;0.004389
300;0.000040;0.000024;0.029402;0.006856
300;0.000027;0.000025;0.026754;0.003945
300;0.000027;0.000025;0.026997;0.003838
300;0.000028;0.000025;0.025240;0.003915
300;0.000027;0.000025;0.026287;0.003808
300;0.000027;0.000027;0.026918;0.003932
300;0.000027;0.000025;0.025873;0.003860
300;0.000026;0.000024;0.025733;0.003841
300;0.000038;0.000024;0.025817;0.003828
300;0.000031;0.000025;0.025972;0.003811
300;0.000027;0.000025;0.025951;0.003974
300;0.000041;0.000024;0.025674;0.003838
300;0.000028;0.000024;0.025845;0.003837
300;0.000039;0.000025;0.026172;0.004100
300;0.000030;0.000026;0.025585;0.003890
300;0.000027;0.000026;0.025924;0.003847
300;0.000027;0.000025;0.026898;0.004719
400;0.000050;0.000072;0.043362;0.005514
400;0.000037;0.000035;0.034065;0.004814
400;0.000037;0.000036;0.033863;0.004906
400;0.000037;0.000036;0.033945;0.005204
400;0.000039;0.000037;0.038990;0.009170
400;0.000037;0.000035;0.034324;0.005202
400;0.000037;0.000035;0.036781;0.005870
400;0.000037;0.000035;0.036267;0.008482
400;0.000037;0.000035;0.035322;0.008934
400;0.000037;0.000034;0.034103;0.005370
400;0.000037;0.000034;0.034951;0.004999
400;0.000037;0.000034;0.039286;0.010690
400;0.000037;0.000035;0.035190;0.008478
400;0.000037;0.000036;0.036926;0.006522
400;0.000047;0.000044;0.035476;0.004803
400;0.000037;0.000036;0.033255;0.004841
400;0.000037;0.000035;0.034114;0.004769
400;0.000037;0.000035;0.033878;0.005873
400;0.000037;0.000035;0.043399;0.007011
400;0.000049;0.000046;0.036909;0.004840
400;0.000038;0.000037;0.032812;0.004733
400;0.000037;0.000034;0.034901;0.004912
400;0.000041;0.000034;0.034287;0.004887
400;0.000036;0.000035;0.035022;0.008613
400;0.000037;0.000035;0.034360;0.008649
400;0.000036;0.000035;0.034597;0.005118
400;0.000037;0.000036;0.034133;0.005131
400;0.000036;0.000033;0.034079;0.004934
400;0.000042;0.000036;0.035798;0.005184
400;0.000038;0.000036;0.036242;0.006497
500;0.000049;0.000045;0.046419;0.011592
500;0.000052;0.000047;0.044639;0.006106
500;0.000050;0.000046;0.045696;0.012264
500;0.000047;0.000045;0.045237;0.007482
500;0.000048;0.000046;0.048120;0.007870
500;0.000047;0.000049;0.048387;0.009257
500;0.000048;0.000046;0.052500;0.011556
500;0.000048;0.000046;0.045748;0.008236
500;0.000048;0.000046;0.043370;0.006695
500;0.000048;0.000046;0.045365;0.006410
500;0.000054;0.000049;0.044563;0.006319
500;0.000046;0.000045;0.045679;0.011488
500;0.000047;0.000044;0.047777;0.007207
500;0.000048;0.000046;0.045660;0.007162
500;0.000047;0.000044;0.043719;0.010803
500;0.000051;0.000047;0.043940;0.006503
500;0.000048;0.000046;0.043286;0.006136
500;0.000055;0.000047;0.043536;0.006098
500;0.000051;0.000046;0.043797;0.010536
500;0.000047;0.000064;0.044380;0.006015
500;0.000047;0.000045;0.043193;0.006134
500;0.000046;0.000044;0.043600;0.006352
500;0.000051;0.000047;0.044852;0.006746
500;0.000048;0.000046;0.044133;0.006731
500;0.000047;0.000044;0.044480;0.006749
500;0.000049;0.000054;0.046199;0.011068
500;0.000047;0.000045;0.048539;0.007692
500;0.000060;0.000043;0.046820;0.010758
500;0.000048;0.000045;0.043042;0.005940
500;0.000047;0.000045;0.044823;0.006893
600;0.000077;0.000067;0.053479;0.007882
600;0.000065;0.000062;0.052039;0.013061
600;0.000061;0.000059;0.059015;0.007510
600;0.000064;0.000060;0.052842;0.007168
600;0.000059;0.000057;0.052114;0.007165
600;0.000059;0.000056;0.052678;0.007950
600;0.000060;0.000059;0.052688;0.013981
600;0.000059;0.000057;0.055176;0.008875
600;0.000061;0.000089;0.054566;0.007272
600;0.000066;0.000061;0.052014;0.007971
600;0.000082;0.000065;0.051977;0.007197
600;0.000060;0.000058;0.052030;0.007085
600;0.000083;0.000059;0.051583;0.007541
600;0.000060;0.000057;0.052957;0.007130
600;0.000059;0.000058;0.059276;0.010008
600;0.000086;0.000117;0.057938;0.009606
600;0.000061;0.000059;0.056905;0.007318
600;0.000061;0.000058;0.052845;0.007150
600;0.000059;0.000058;0.051666;0.007070
600;0.000059;0.000058;0.053997;0.007520
600;0.000060;0.000058;0.052277;0.007170
600;0.000063;0.000058;0.051671;0.007168
600;0.000060;0.000058;0.051609;0.007092
600;0.000060;0.000058;0.052810;0.007140
600;0.000059;0.000058;0.052469;0.013790
600;0.000060;0.000057;0.054654;0.015569
600;0.000060;0.000057;0.052562;0.008624
600;0.000061;0.000073;0.052498;0.007167
600;0.000064;0.000060;0.051802;0.007046
600;0.000061;0.000059;0.052092;0.007086
700;0.000098;0.000082;0.061379;0.008237
700;0.000071;0.000069;0.061312;0.014343
700;0.000070;0.000068;0.062203;0.009485
700;0.000072;0.000069;0.064541;0.013058
700;0.000077;0.000067;0.061492;0.011252
700;0.000070;0.000067;0.060391;0.009717
700;0.000070;0.000067;0.060676;0.010460
700;0.000070;0.000067;0.060211;0.011200
700;0.000073;0.000067;0.061791;0.010469
700;0.000070;0.000067;0.061109;0.011080
700;0.000070;0.000071;0.064292;0.011116
700;0.000072;0.000069;0.062936;0.011149
700;0.000072;0.000069;0.061665;0.011270
700;0.000071;0.000069;0.060942;0.010913
700;0.000075;0.000068;0.060886;0.010861
700;0.000074;0.000069;0.062394;0.010609
700;0.000069;0.000067;0.066428;0.012665
700;0.000071;0.000068;0.064846;0.010557
700;0.000073;0.000068;0.063444;0.010963
700;0.000070;0.000135;0.061003;0.010980
700;0.000069;0.000068;0.060883;0.010611
700;0.000071;0.000101;0.061030;0.010623
700;0.000069;0.000068;0.061183;0.010615
700;0.000072;0.000068;0.060698;0.010564
700;0.000069;0.000066;0.060728;0.010516
700;0.000073;0.000069;0.060752;0.010589
700;0.000069;0.000065;0.060611;0.010530
700;0.000069;0.000066;0.060464;0.010609
700;0.000069;0.000065;0.060273;0.010565
700;0.000076;0.000069;0.060758;0.010870
800;0.000108;0.000102;0.071363;0.012040
800;0.000084;0.000081;0.069241;0.011888
800;0.000083;0.000080;0.074377;0.018948
800;0.000088;0.000081;0.071243;0.012105
800;0.000088;0.000085;0.069941;0.011917
800;0.000079;0.000076;0.069521;0.012131
800;0.000124;0.000079;0.069290;0.011990
800;0.000081;0.000079;0.069358;0.011982
800;0.000080;0.000081;0.068973;0.012010
800;0.000083;0.000079;0.069822;0.012134
800;0.000085;0.000079;0.071278;0.025368
800;0.000083;0.000081;0.082085;0.023247
800;0.000082;0.000078;0.068857;0.020471
800;0.000081;0.000079;0.078286;0.028243
800;0.000081;0.000137;0.073873;0.020863
800;0.000085;0.000087;0.069470;0.020248
800;0.000080;0.000079;0.069403;0.020261
800;0.000081;0.000079;0.068437;0.021484
800;0.000081;0.000078;0.081102;0.023199
800;0.000083;0.000081;0.070878;0.021022
800;0.000098;0.000077;0.069105;0.020196
800;0.000081;0.000079;0.068805;0.020655
800;0.000080;0.000076;0.068348;0.020311
800;0.000087;0.000078;0.069033;0.020172
800;0.000081;0.000078;0.071041;0.020659
800;0.000081;0.000079;0.068510;0.026078
800;0.000083;0.000080;0.068258;0.026170
800;0.000081;0.000078;0.070307;0.020112
800;0.000111;0.000077;0.069001;0.020275
800;0.000081;0.000078;0.068954;0.021591
900;0.000097;0.000091;0.083286;0.042437
900;0.000122;0.000090;0.082147;0.026169
900;0.000102;0.000098;0.080889;0.029301
900;0.000092;0.000091;0.081048;0.032113
900;0.000101;0.000096;0.081075;0.026793
900;0.000091;0.000087;0.081945;0.031459
900;0.000095;0.000091;0.096221;0.029313
900;0.000094;0.000090;0.084765;0.032968
900;0.000093;0.000091;0.079058;0.022990
900;0.000091;0.000087;0.078740;0.022842
900;0.000111;0.000102;0.078948;0.032116
900;0.000122;0.000099;0.082383;0.029277
900;0.000099;0.000113;0.079956;0.024642
900;0.000092;0.000090;0.080475;0.023181
900;0.000094;0.000089;0.079556;0.026101
900;0.000102;0.000093;0.085797;0.025198
900;0.000122;0.000119;0.086414;0.032707
900;0.000095;0.000091;0.083263;0.031581
900;0.000111;0.000097;0.081991;0.023833
900;0.000125;0.000115;0.083607;0.028828
900;0.000121;0.000141;0.082339;0.029534
900;0.000093;0.000091;0.080888;0.026868
900;0.000120;0.000103;0.081795;0.030205
900;0.000093;0.000090;0.080351;0.030019
900;0.000092;0.000087;0.086180;0.034158
900;0.000140;0.000246;0.113364;0.027230
900;0.000096;0.000091;0.081675;0.023892
900;0.000097;0.000089;0.082557;0.025212
900;0.000095;0.000104;0.080299;0.023977
900;0.000118;0.000088;0.079572;0.023992
1000;0.000170;0.000125;0.086674;0.025679
1000;0.000108;0.000105;0.088317;0.026449
1000;0.000114;0.000109;0.087948;0.026335
1000;0.000105;0.000103;0.087875;0.026759
1000;0.000106;0.000103;0.091000;0.026069
1000;0.000107;0.000105;0.087800;0.120881
1000;0.000136;0.000102;0.090997;0.015002
1000;0.000106;0.000103;0.087275;0.015246
1000;0.000107;0.000100;0.086539;0.015121
1000;0.000105;0.000103;0.095685;0.033106
1000;0.000182;0.000142;0.092221;0.015106
1000;0.000106;0.000103;0.088154;0.015918
1000;0.000108;0.000105;0.092935;0.017954
1000;0.000173;0.000099;0.090311;0.019296
1000;0.000124;0.000110;0.100593;0.017247
1000;0.000107;0.000103;0.089393;0.015624
1000;0.000130;0.000145;0.088916;0.015560
1000;0.000103;0.000100;0.088181;0.015343
1000;0.000104;0.000100;0.090432;0.016007
1000;0.000110;0.000107;0.088579;0.015508
1000;0.000108;0.000109;0.089182;0.016057
1000;0.000103;0.000099;0.088958;0.015516
1000;0.000103;0.000099;0.089820;0.019923
1000;0.000106;0.000106;0.089887;0.016249
1000;0.000107;0.000108;0.090466;0.015211
1000;0.000108;0.000106;0.087817;0.014989
1000;0.000108;0.000106;0.087005;0.021678
1000;0.000109;0.000101;0.087630;0.015152
1000;0.000104;0.000099;0.086735;0.017995
1000;0.000103;0.000100;0.090043;0.016426
1100;0.000117;0.000112;0.097140;0.016400
1100;0.000115;0.000112;0.096247;0.016749
1100;0.000115;0.000110;0.095011;0.016620
1100;0.000114;0.000111;0.096294;0.019227
1100;0.000116;0.000120;0.112469;0.019168
1100;0.000117;0.000133;0.099383;0.017367
1100;0.000113;0.000109;0.097808;0.016367
1100;0.000121;0.000112;0.095703;0.016363
1100;0.000115;0.000112;0.097303;0.017919
1100;0.000123;0.000115;0.098296;0.017327
1100;0.000122;0.000112;0.096648;0.017634
1100;0.000128;0.000150;0.098142;0.027186
1100;0.000124;0.000116;0.097212;0.016466
1100;0.000118;0.000115;0.094961;0.016631
1100;0.000115;0.000112;0.100951;0.018665
1100;0.000125;0.000118;0.106890;0.025559
1100;0.000116;0.000128;0.102027;0.017192
1100;0.000166;0.000136;0.096761;0.032004
1100;0.000113;0.000110;0.106890;0.017967
1100;0.000115;0.000112;0.098144;0.017941
1100;0.000115;0.000112;0.095543;0.016891
1100;0.000114;0.000113;0.095846;0.027866
1100;0.000143;0.000138;0.110382;0.017766
1100;0.000113;0.000109;0.098141;0.016350
1100;0.000115;0.000112;0.094888;0.016428
1100;0.000114;0.000109;0.113017;0.024764
1100;0.000118;0.000115;0.100023;0.016537
1100;0.000113;0.000109;0.095747;0.016596
1100;0.000114;0.000109;0.099989;0.033269
1100;0.000123;0.000114;0.109030;0.030955
1200;0.000130;0.000134;0.115502;0.030425
1200;0.000134;0.000128;0.109869;0.019405
1200;0.000130;0.000127;0.110693;0.026260
1200;0.000154;0.000121;0.108681;0.020414
1200;0.000128;0.000125;0.107118;0.018015
1200;0.000128;0.000126;0.106193;0.017986
1200;0.000128;0.000123;0.104412;0.017871
1200;0.000128;0.000125;0.103715;0.017799
1200;0.000127;0.000125;0.111358;0.023339
1200;0.000185;0.000156;0.116512;0.019571
1200;0.000131;0.000133;0.107351;0.017813
1200;0.000144;0.000122;0.104563;0.019824
1200;0.000128;0.000125;0.107813;0.019758
1200;0.000130;0.000128;0.107047;0.018771
1200;0.000131;0.000128;0.106130;0.019470
1200;0.000130;0.000124;0.107061;0.018530
1200;0.000130;0.000129;0.106070;0.018641
1200;0.000128;0.000125;0.107250;0.017689
1200;0.000131;0.000128;0.115306;0.020091
1200;0.000126;0.000121;0.106036;0.018652
1200;0.000131;0.000125;0.105421;0.018925
1200;0.000133;0.000121;0.105068;0.019698
1200;0.000150;0.000131;0.105576;0.019251
1200;0.000127;0.000126;0.105727;0.019212
1200;0.000129;0.000133;0.108025;0.018041
1200;0.000124;0.000120;0.105691;0.019714
1200;0.000129;0.000124;0.113318;0.020801
1200;0.000165;0.000121;0.106163;0.018242
1200;0.000145;0.000122;0.118532;0.030021
1200;0.000125;0.000121;0.109659;0.027592
1300;0.000204;0.000138;0.117940;0.023534
1300;0.000141;0.000138;0.113299;0.020429
1300;0.000153;0.000167;0.120781;0.032801
1300;0.000190;0.000168;0.120044;0.021102
1300;0.000150;0.000141;0.119341;0.021342
1300;0.000143;0.000142;0.118803;0.022876
1300;0.000138;0.000133;0.115379;0.021147
1300;0.000138;0.000161;0.115018;0.020171
1300;0.000141;0.000137;0.114536;0.020131
1300;0.000141;0.000138;0.131581;0.035905
1300;0.000148;0.000142;0.117638;0.020466
1300;0.000141;0.000139;0.123331;0.026036
1300;0.000144;0.000148;0.117937;0.020336
1300;0.000168;0.000140;0.115681;0.020177
1300;0.000143;0.000141;0.114634;0.020935
1300;0.000142;0.000147;0.114328;0.020132
1300;0.000145;0.000142;0.117790;0.019083
1300;0.000141;0.000141;0.116330;0.020938
1300;0.000141;0.000139;0.115582;0.023494
1300;0.000144;0.000142;0.120193;0.028893
1300;0.000145;0.000142;0.116284;0.020949
1300;0.000152;0.000135;0.121680;0.023637
1300;0.000138;0.000162;0.114376;0.019438
1300;0.000140;0.000139;0.115231;0.025454
1300;0.000140;0.000177;0.116912;0.030211
1300;0.000206;0.000246;0.139359;0.033867
1300;0.000143;0.000143;0.128407;0.025257
1300;0.000213;0.000229;0.130396;0.022776
1300;0.000144;0.000141;0.118788;0.022636
1300;0.000139;0.000134;0.119703;0.022482
1400;0.000226;0.000177;0.127793;0.022970
1400;0.000155;0.000150;0.125662;0.037439
1400;0.000154;0.000151;0.123637;0.020868
1400;0.000156;0.000157;0.123938;0.029019
1400;0.000158;0.000150;0.126549;0.022145
1400;0.000151;0.000147;0.125208;0.021690
1400;0.000157;0.000152;0.130604;0.025306
1400;0.000220;0.000150;0.124090;0.021811
1400;0.000157;0.000154;0.122932;0.020680
1400;0.000167;0.000170;0.124121;0.023167
1400;0.000156;0.000154;0.125673;0.024781
1400;0.000230;0.000177;0.135050;0.026899
1400;0.000171;0.000147;0.129043;0.025446
1400;0.000155;0.000150;0.126827;0.023155
1400;0.000164;0.000228;0.128594;0.033054
1400;0.000158;0.000149;0.125767;0.022721
1400;0.000152;0.000150;0.128282;0.025550
1400;0.000157;0.000153;0.141680;0.021746
1400;0.000156;0.000155;0.142965;0.022059
1400;0.000160;0.000152;0.122536;0.022708
1400;0.000154;0.000150;0.123292;0.021992
1400;0.000157;0.000154;0.125169;0.021851
1400;0.000156;0.000154;0.127472;0.025138
1400;0.000157;0.000147;0.127465;0.035477
1400;0.000151;0.000146;0.124089;0.025754
1400;0.000181;0.000152;0.134029;0.029294
1400;0.000152;0.000151;0.137215;0.023453
1400;0.000152;0.000151;0.124934;0.020930
1400;0.000163;0.000147;0.120983;0.020990
1400;0.000152;0.000149;0.123953;0.025897
1500;0.000194;0.000161;0.134846;0.028783
1500;0.000177;0.000165;0.140873;0.026931
1500;0.000165;0.000159;0.176279;0.023997
1500;0.000170;0.000167;0.133401;0.022193
1500;0.000163;0.000159;0.143965;0.026687
1500;0.000164;0.000160;0.135377;0.023910
1500;0.000178;0.000160;0.133918;0.027334
1500;0.000166;0.000163;0.135500;0.026912
1500;0.000165;0.000163;0.146296;0.027122
1500;0.000170;0.000164;0.133656;0.028087
1500;0.000169;0.000160;0.129608;0.022309
1500;0.000165;0.000190;0.130298;0.023427
1500;0.000169;0.000162;0.129609;0.022029
1500;0.000165;0.000163;0.130864;0.022235
1500;0.000163;0.000160;0.131438;0.024005
1500;0.000168;0.000164;0.132109;0.022839
1500;0.000163;0.000192;0.131273;0.022261
1500;0.000166;0.000164;0.129710;0.022812
1500;0.000165;0.000164;0.130344;0.022078
1500;0.000164;0.000160;0.129347;0.025336
1500;0.000166;0.000162;0.132093;0.022152
1500;0.000166;0.000164;0.130638;0.022006
1500;0.000165;0.000164;0.139235;0.024952
1500;0.000169;0.000168;0.131916;0.022341
1500;0.000163;0.000160;0.130590;0.022377
1500;0.000171;0.000168;0.130072;0.022137
1500;0.000166;0.000163;0.129801;0.022328
1500;0.000165;0.000167;0.129895;0.022236
1500;0.000169;0.000170;0.129927;0.029507
1500;0.000170;0.000171;0.132243;0.024428
1600;0.000185;0.000174;0.142183;0.024123
1600;0.000176;0.000174;0.139300;0.023420
1600;0.000176;0.000174;0.138635;0.023401
1600;0.000173;0.000169;0.138288;0.023350
1600;0.000172;0.000169;0.139059;0.023996
1600;0.000184;0.000173;0.140770;0.027342
1600;0.000226;0.000227;0.150338;0.024612
1600;0.000180;0.000185;0.142896;0.024718
1600;0.000177;0.000174;0.139258;0.023437
1600;0.000176;0.000201;0.138193;0.023444
1600;0.000177;0.000171;0.138752;0.023370
1600;0.000208;0.000171;0.139014;0.023448
1600;0.000266;0.000211;0.140767;0.026575
1600;0.000187;0.000176;0.138773;0.023466
1600;0.000174;0.000173;0.138064;0.023384
1600;0.000175;0.000174;0.138115;0.023622
1600;0.000178;0.000175;0.139645;0.023699
1600;0.000191;0.000185;0.141334;0.023919
1600;0.000203;0.000170;0.138640;0.023405
1600;0.000173;0.000170;0.149687;0.027543
1600;0.000179;0.000205;0.140935;0.023727
1600;0.000176;0.000173;0.138710;0.023456
1600;0.000173;0.000170;0.139023;0.023395
1600;0.000176;0.000170;0.138124;0.023517
1600;0.000180;0.000171;0.138681;0.023400
1600;0.000176;0.000174;0.138446;0.023243
1600;0.000178;0.000180;0.139775;0.025437
1600;0.000177;0.000175;0.140187;0.023448
1600;0.000173;0.000170;0.139033;0.023743
1600;0.000176;0.000173;0.149047;0.024251
1700;0.000192;0.000188;0.156325;0.025093
1700;0.000190;0.000187;0.147369;0.024805
1700;0.000194;0.000187;0.160145;0.026801
1700;0.000198;0.000199;0.147557;0.024794
1700;0.000189;0.000193;0.149417;0.024839
1700;0.000189;0.000188;0.153506;0.025906
1700;0.000190;0.000185;0.147644;0.035955
1700;0.000203;0.000187;0.148464;0.025952
1700;0.000196;0.000188;0.148960;0.025110
1700;0.000194;0.000198;0.149104;0.025861
1700;0.000188;0.000187;0.147031;0.028207
1700;0.000189;0.000186;0.147033;0.024798
1700;0.000190;0.000187;0.147251;0.025083
1700;0.000190;0.000187;0.148395;0.025006
1700;0.000190;0.000187;0.154580;0.027221
1700;0.000194;0.000197;0.150613;0.024751
1700;0.000188;0.000182;0.148000;0.024855
1700;0.000189;0.000187;0.146966;0.024887
1700;0.000189;0.000187;0.147226;0.025236
1700;0.000189;0.000187;0.148367;0.024841
1700;0.000189;0.000187;0.148261;0.024480
1700;0.000192;0.000187;0.151633;0.025169
1700;0.000187;0.000183;0.147427;0.024907
1700;0.000190;0.000187;0.146784;0.024693
1700;0.000189;0.000187;0.146826;0.026093
1700;0.000189;0.000189;0.147053;0.027912
1700;0.000202;0.000189;0.148666;0.033185
1700;0.000198;0.000192;0.155623;0.025037
1700;0.000193;0.000213;0.147539;0.025105
1700;0.000190;0.000188;0.146962;0.025069
1800;0.000276;0.000200;0.158151;0.026252
1800;0.000206;0.000203;0.155699;0.026496
1800;0.000205;0.000203;0.158159;0.028681
1800;0.000212;0.000218;0.155921;0.027255
1800;0.000204;0.000200;0.157037;0.026138
1800;0.000203;0.000199;0.155570;0.030118
1800;0.000204;0.000199;0.157097;0.026256
1800;0.000232;0.000199;0.156037;0.027438
1800;0.000205;0.000203;0.163368;0.028992
1800;0.000238;0.000200;0.160898;0.026662
1800;0.000206;0.000203;0.155563;0.026268
1800;0.000207;0.000203;0.156369;0.030082
1800;0.000214;0.000208;0.156597;0.026489
1800;0.000213;0.000206;0.156838;0.027163
1800;0.000211;0.000214;0.156058;0.029328
1800;0.000220;0.000212;0.157166;0.026277
1800;0.000206;0.000258;0.155640;0.029017
1800;0.000207;0.000203;0.155730;0.027280
1800;0.000207;0.000204;0.156427;0.027814
1800;0.000205;0.000207;0.156058;0.026414
1800;0.000206;0.000204;0.170405;0.026353
1800;0.000207;0.000204;0.155795;0.026568
1800;0.000205;0.000204;0.155412;0.026181
1800;0.000203;0.000202;0.155966;0.026680
1800;0.000212;0.000209;0.155365;0.030586
1800;0.000205;0.000206;0.156267;0.028840
1800;0.000206;0.000204;0.156679;0.027110
1800;0.000206;0.000207;0.157005;0.026436
1800;0.000207;0.000203;0.155360;0.028653
1800;0.000210;0.000204;0.156956;0.027309
1900;0.000238;0.000211;0.165938;0.028373
1900;0.000217;0.000210;0.172021;0.029500
1900;0.000263;0.000215;0.169190;0.027826
1900;0.000218;0.000215;0.164335;0.027717
1900;0.000248;0.000209;0.166051;0.027676
1900;0.000218;0.000210;0.164000;0.029299
1900;0.000220;0.000209;0.164461;0.029303
1900;0.000218;0.000214;0.165176;0.034774
1900;0.000219;0.000221;0.165798;0.027666
1900;0.000213;0.000209;0.164779;0.027627
1900;0.000217;0.000211;0.165461;0.028504
1900;0.000249;0.000210;0.163501;0.031864
1900;0.000219;0.000215;0.170996;0.035324
1900;0.000217;0.000214;0.169196;0.027664
1900;0.000218;0.000218;0.163826;0.027394
1900;0.000217;0.000213;0.164699;0.028251
1900;0.000217;0.000213;0.174446;0.028079
1900;0.000218;0.000212;0.164088;0.032669
1900;0.000219;0.000218;0.166259;0.029520
1900;0.000222;0.000219;0.166530;0.029057
1900;0.000214;0.000209;0.169184;0.030643
1900;0.000222;0.000222;0.175958;0.027648
1900;0.000216;0.000219;0.164979;0.028411
1900;0.000218;0.000214;0.173538;0.047470
1900;0.000216;0.000241;0.169227;0.035631
1900;0.000222;0.000220;0.174494;0.030668
1900;0.000226;0.000215;0.169225;0.032154
1900;0.000213;0.000209;0.168767;0.031012
1900;0.000217;0.000217;0.184403;0.047299
1900;0.000257;0.000258;0.175139;0.039423
2000;0.000259;0.000225;0.178561;0.041344
2000;0.000338;0.000291;0.182288;0.053525
2000;0.000253;0.000234;0.175661;0.039965
2000;0.000229;0.000226;0.183019;0.045417
2000;0.000233;0.000230;0.178856;0.041723
2000;0.000296;0.000231;0.175846;0.039411
2000;0.000229;0.000225;0.182043;0.041802
2000;0.000230;0.000225;0.174354;0.039720
2000;0.000235;0.000231;0.177815;0.041751
2000;0.000238;0.000236;0.175282;0.039142
2000;0.000230;0.000226;0.173884;0.050138
2000;0.000244;0.000233;0.173236;0.049717
2000;0.000233;0.000230;0.173678;0.050690
2000;0.000238;0.000238;0.185298;0.050620
2000;0.000230;0.000226;0.174322;0.051508
2000;0.000231;0.000232;0.173906;0.050103
2000;0.000232;0.000230;0.173937;0.049882
2000;0.000232;0.000260;0.175309;0.051984
2000;0.000237;0.000235;0.176339;0.049455
2000;0.000232;0.000225;0.173203;0.050363
2000;0.000232;0.000229;0.174253;0.056383
2000;0.000233;0.000230;0.174993;0.050127
2000;0.000236;0.000231;0.179936;0.053204
2000;0.000244;0.000236;0.176344;0.049758
2000;0.000233;0.000225;0.173831;0.049766
2000;0.000231;0.000225;0.173909;0.049807
2000;0.000231;0.000233;0.173798;0.061164
2000;0.000234;0.000230;0.182227;0.060374
2000;0.000300;0.000300;0.189163;0.050084
2000;0.000229;0.000302;0.175533;0.049932
2100;0.000264;0.000232;0.184343;0.059471
2100;0.000239;0.000241;0.187591;0.062660
2100;0.000250;0.000243;0.187775;0.052203
2100;0.000236;0.000233;0.182220;0.052331
2100;0.000284;0.000232;0.183640;0.058227
2100;0.000241;0.000237;0.182969;0.052960
2100;0.000243;0.000233;0.180734;0.052624
2100;0.000248;0.000242;0.182828;0.055204
2100;0.000239;0.000237;0.183482;0.052703
2100;0.000242;0.000236;0.181473;0.055116
2100;0.000240;0.000237;0.182909;0.063964
2100;0.000239;0.000266;0.187901;0.058935
2100;0.000239;0.000236;0.182504;0.054179
2100;0.000286;0.000233;0.181095;0.052221
2100;0.000236;0.000231;0.182061;0.056320
2100;0.000236;0.000232;0.183295;0.054081
2100;0.000242;0.000237;0.182349;0.052637
2100;0.000240;0.000263;0.190119;0.053118
2100;0.000245;0.000238;0.181470;0.052784
2100;0.000240;0.000230;0.181424;0.058373
2100;0.000244;0.000237;0.188832;0.052357
2100;0.000243;0.000238;0.182834;0.052434
2100;0.000236;0.000235;0.181096;0.052233
2100;0.000236;0.000231;0.181980;0.052171
2100;0.000241;0.000232;0.182152;0.054766
2100;0.000239;0.000240;0.183593;0.052202
2100;0.000237;0.000231;0.199838;0.053112
2100;0.000238;0.000236;0.182137;0.052421
2100;0.000239;0.000232;0.182100;0.058984
2100;0.000320;0.000233;0.190312;0.053502
2200;0.000280;0.000248;0.194376;0.062400
2200;0.000260;0.000252;0.190872;0.055008
2200;0.000252;0.000246;0.191544;0.057435
2200;0.000261;0.000258;0.196013;0.056215
2200;0.000260;0.000259;0.192255;0.060594
2200;0.000253;0.000253;0.190082;0.054905
2200;0.000254;0.000246;0.192282;0.054754
2200;0.000254;0.000257;0.203559;0.058127
2200;0.000257;0.000251;0.191757;0.055238
2200;0.000251;0.000247;0.190228;0.054750
2200;0.000255;0.000255;0.190591;0.064250
2200;0.000257;0.000252;0.196804;0.063230
2200;0.000254;0.000255;0.190518;0.054845
2200;0.000249;0.000275;0.190006;0.054757
2200;0.000251;0.000246;0.191336;0.057966
2200;0.000264;0.000246;0.193404;0.054769
2200;0.000255;0.000252;0.201726;0.055058
2200;0.000269;0.000263;0.189772;0.054699
2200;0.000284;0.000248;0.189992;0.054798
2200;0.000250;0.000265;0.192328;0.059376
2200;0.000256;0.000247;0.191179;0.057043
2200;0.000262;0.000253;0.191726;0.056706
2200;0.000266;0.000259;0.190043;0.054611
2200;0.000250;0.000247;0.191992;0.060320
2200;0.000255;0.000252;0.192248;0.061425
2200;0.000495;0.000253;0.197028;0.056994
2200;0.000261;0.000252;0.195507;0.054969
2200;0.000250;0.000246;0.191903;0.055005
2200;0.000254;0.000253;0.196051;0.059878
2200;0.000303;0.000274;0.207417;0.063607
2300;0.000273;0.000269;0.215434;0.061525
2300;0.000309;0.000295;0.214115;0.063894
2300;0.000273;0.000263;0.208811;0.066463
2300;0.000337;0.000334;0.221943;0.062305
2300;0.000269;0.000264;0.200040;0.063526
2300;0.000272;0.000272;0.201223;0.057145
2300;0.000262;0.000262;0.198451;0.058402
2300;0.000269;0.000264;0.200562;0.067675
2300;0.000272;0.000269;0.209510;0.066881
2300;0.000271;0.000283;0.209837;0.059948
2300;0.000269;0.000265;0.199737;0.057753
2300;0.000275;0.000271;0.209140;0.057673
2300;0.000269;0.000264;0.198554;0.059013
2300;0.000265;0.000290;0.199936;0.057808
2300;0.000266;0.000263;0.199268;0.061930
2300;0.000277;0.000268;0.201868;0.062403
2300;0.000268;0.000258;0.201627;0.072958
2300;0.000266;0.000262;0.201167;0.057196
2300;0.000261;0.000257;0.198798;0.057328
2300;0.000295;0.000259;0.212288;0.056913
2300;0.000269;0.000260;0.199491;0.065231
2300;0.000265;0.000262;0.198791;0.057342
2300;0.000265;0.000263;0.198984;0.057749
2300;0.000278;0.000265;0.200708;0.057208
2300;0.000268;0.000267;0.207712;0.064023
2300;0.000271;0.000271;0.200600;0.057256
2300;0.000265;0.000263;0.199092;0.058220
2300;0.000262;0.000257;0.212575;0.060404
2300;0.000271;0.000269;0.202869;0.057121
2300;0.000268;0.000262;0.198141;0.057758
2400;0.000293;0.000288;0.210123;0.059745
2400;0.000277;0.000273;0.211128;0.061656
2400;0.000287;0.000279;0.207469;0.059526
2400;0.000277;0.000274;0.208488;0.060019
2400;0.000283;0.000281;0.207341;0.062887
2400;0.000337;0.000274;0.223894;0.076119
2400;0.000288;0.000405;0.208826;0.059721
2400;0.000278;0.000273;0.207588;0.059807
2400;0.000278;0.000273;0.207496;0.058741
2400;0.000287;0.000275;0.212352;0.060169
2400;0.000285;0.000279;0.208479;0.059453
2400;0.000282;0.000273;0.207919;0.059411
2400;0.000276;0.000274;0.208512;0.059684
2400;0.000278;0.000272;0.222671;0.061047
2400;0.000316;0.000275;0.207290;0.059911
2400;0.000279;0.000280;0.207770;0.059455
2400;0.000278;0.000307;0.207811;0.059703
2400;0.000278;0.000272;0.210023;0.061544
2400;0.000291;0.000290;0.208246;0.059772
2400;0.000283;0.000306;0.208563;0.059853
2400;0.000277;0.000288;0.208456;0.062123
2400;0.000277;0.000273;0.219304;0.059546
2400;0.000283;0.000311;0.207197;0.060232
2400;0.000303;0.000324;0.207788;0.060051
2400;0.000278;0.000302;0.208963;0.060105
2400;0.000292;0.000286;0.208758;0.061337
2400;0.000282;0.000280;0.211750;0.060063
2400;0.000277;0.000272;0.208813;0.059758
2400;0.000277;0.000277;0.208703;0.062378
2400;0.000278;0.000276;0.220969;0.059542
2500;0.000316;0.000288;0.218868;0.064141
2500;0.000287;0.000283;0.216796;0.062022
2500;0.000287;0.000283;0.216289;0.064333
2500;0.000294;0.000297;0.218651;0.068483
2500;0.000291;0.000295;0.216128;0.062374
2500;0.000291;0.000283;0.218675;0.062153
2500;0.000290;0.000283;0.220273;0.068501
2500;0.000301;0.000296;0.220050;0.064419
2500;0.000291;0.000293;0.216322;0.063308
2500;0.000287;0.000283;0.215615;0.065402
2500;0.000342;0.000286;0.218154;0.062253
2500;0.000294;0.000290;0.217230;0.062340
2500;0.000287;0.000286;0.217908;0.062472
2500;0.000316;0.000284;0.216016;0.062280
2500;0.000286;0.000284;0.231327;0.061460
2500;0.000301;0.000296;0.217555;0.062007
2500;0.000289;0.000288;0.216263;0.068002
2500;0.000288;0.000283;0.217852;0.062581
2500;0.000291;0.000289;0.219341;0.062670
2500;0.000315;0.000296;0.235851;0.062042
2500;0.000293;0.000284;0.215444;0.061969
2500;0.000287;0.000283;0.216419;0.068502
2500;0.000331;0.000290;0.225832;0.063788
2500;0.000302;0.000284;0.216564;0.061979
2500;0.000291;0.000289;0.216349;0.062143
2500;0.000287;0.000290;0.219282;0.065962
2500;0.000291;0.000286;0.221105;0.062134
2500;0.000287;0.000284;0.216304;0.061977
2500;0.000287;0.000283;0.216119;0.062034
2500;0.000287;0.000286;0.229550;0.066248
2600;0.000360;0.000298;0.228367;0.066372
2600;0.000310;0.000309;0.224546;0.066763
2600;0.000303;0.000300;0.226581;0.065825
2600;0.000308;0.000388;0.233374;0.064453
2600;0.000302;0.000298;0.224438;0.064525
2600;0.000302;0.000298;0.224609;0.066033
2600;0.000303;0.000303;0.226464;0.073631
2600;0.000315;0.000316;0.233186;0.064787
2600;0.000343;0.000297;0.224834;0.064627
2600;0.000302;0.000312;0.226091;0.064651
2600;0.000302;0.000298;0.226054;0.066937
2600;0.000318;0.000312;0.226820;0.064706
2600;0.000302;0.000302;0.225879;0.064683
2600;0.000308;0.000298;0.225358;0.064723
2600;0.000339;0.000312;0.235421;0.064439
2600;0.000303;0.000303;0.226647;0.064726
2600;0.000307;0.000297;0.226297;0.066906
2600;0.000313;0.000305;0.225867;0.067850
2600;0.000401;0.000391;0.229500;0.064682
2600;0.000307;0.000297;0.225784;0.064969
2600;0.000303;0.000303;0.232547;0.064656
2600;0.000308;0.000373;0.233528;0.073149
2600;0.000302;0.000298;0.225471;0.072726
2600;0.000307;0.000299;0.224281;0.069148
2600;0.000340;0.000297;0.225225;0.069557
2600;0.000313;0.000311;0.224020;0.063912
2600;0.000306;0.000298;0.225887;0.064719
2600;0.000302;0.000312;0.225734;0.064772
2600;0.000358;0.000299;0.224896;0.071581
2600;0.000316;0.000305;0.231281;0.064754
2700;0.000337;0.000330;0.235127;0.067405
2700;0.000321;0.000312;0.234254;0.067186
2700;0.000318;0.000317;0.235375;0.071235
2700;0.000330;0.000325;0.235032;0.067206
2700;0.000317;0.000312;0.234199;0.067783
2700;0.000320;0.000318;0.233269;0.073650
2700;0.000323;0.000313;0.241562;0.067975
2700;0.000315;0.000312;0.233110;0.067439
2700;0.000321;0.000318;0.234043;0.067541
2700;0.000317;0.000313;0.238561;0.070520
2700;0.000328;0.000326;0.246257;0.070919
2700;0.000470;0.000317;0.239996;0.078818
2700;0.000401;0.000358;0.243716;0.077639
2700;0.000339;0.000324;0.245646;0.067393
2700;0.000320;0.000321;0.234028;0.071082
2700;0.000316;0.000312;0.235807;0.092252
2700;0.000329;0.000329;0.240069;0.068621
2700;0.000348;0.000322;0.233978;0.067083
2700;0.000324;0.000318;0.233766;0.067338
2700;0.000334;0.000329;0.233300;0.073082
2700;0.000329;0.000327;0.240513;0.066958
2700;0.000328;0.000329;0.233445;0.067439
2700;0.000316;0.000312;0.233997;0.067350
2700;0.000356;0.000311;0.235909;0.068254
2700;0.000326;0.000320;0.235094;0.074548
2700;0.000321;0.000313;0.234505;0.067155
2700;0.000315;0.000345;0.234319;0.071477
2700;0.000345;0.000326;0.241911;0.067109
2700;0.000316;0.000312;0.233748;0.067363
2700;0.000320;0.000318;0.233331;0.068570
2800;0.000347;0.000338;0.246053;0.073771
2800;0.000348;0.000338;0.241359;0.069930
2800;0.000330;0.000322;0.242512;0.071704
2800;0.000431;0.000426;0.256128;0.077093
2800;0.000338;0.000338;0.248301;0.079049
2800;0.000327;0.000321;0.243190;0.069521
2800;0.000333;0.000322;0.241447;0.070210
2800;0.000326;0.000327;0.245925;0.070228
2800;0.000339;0.000340;0.243113;0.069612
2800;0.000326;0.000322;0.243525;0.070197
2800;0.000327;0.000351;0.247858;0.072502
2800;0.000348;0.000351;0.243517;0.070474
2800;0.000326;0.000346;0.242111;0.069627
2800;0.000330;0.000323;0.242642;0.073245
2800;0.000343;0.000338;0.243753;0.072260
2800;0.000371;0.000324;0.243008;0.070200
2800;0.000356;0.000323;0.241514;0.070430
2800;0.000330;0.000329;0.253078;0.074106
2800;0.000330;0.000324;0.241498;0.070481
2800;0.000331;0.000352;0.242383;0.069742
2800;0.000326;0.000323;0.247454;0.072119
2800;0.000343;0.000338;0.243339;0.073864
2800;0.000354;0.000337;0.242403;0.069574
2800;0.000331;0.000322;0.242715;0.070830
2800;0.000330;0.000329;0.256691;0.069833
2800;0.000346;0.000351;0.242302;0.069583
2800;0.000335;0.000330;0.241863;0.070751
2800;0.000325;0.000325;0.246770;0.077874
2800;0.000427;0.000414;0.250673;0.070355
2800;0.000328;0.000323;0.242861;0.069505
2900;0.000388;0.000345;0.252535;0.075301
2900;0.000441;0.000451;0.262041;0.072345
2900;0.000348;0.000347;0.252038;0.072314
2900;0.000347;0.000346;0.253593;0.073181
2900;0.000377;0.000344;0.252914;0.074094
2900;0.000357;0.000345;0.252105;0.072163
2900;0.000369;0.000364;0.250772;0.072881
2900;0.000347;0.000346;0.259398;0.077225
2900;0.000354;0.000379;0.252489;0.083545
2900;0.000354;0.000408;0.251793;0.079050
2900;0.000355;0.000352;0.250567;0.074551
2900;0.000364;0.000364;0.253251;0.072248
2900;0.000351;0.000344;0.250107;0.072201
2900;0.000347;0.000348;0.251474;0.072241
2900;0.000348;0.000344;0.262495;0.072244
2900;0.000368;0.000364;0.251591;0.072341
2900;0.000348;0.000347;0.251704;0.072795
2900;0.000376;0.000344;0.251867;0.074772
2900;0.000365;0.000368;0.252460;0.072307
2900;0.000352;0.000345;0.250371;0.072272
2900;0.000354;0.000389;0.257776;0.075487
2900;0.000360;0.000352;0.253361;0.072332
2900;0.000356;0.000350;0.250790;0.072444
2900;0.000348;0.000349;0.251144;0.083721
2900;0.000353;0.000353;0.253562;0.074686
2900;0.000353;0.000378;0.250369;0.076999
2900;0.000355;0.000351;0.250753;0.072240
2900;0.000348;0.000343;0.263676;0.074777
2900;0.000347;0.000347;0.250481;0.072180
2900;0.000350;0.000345;0.251455;0.074756
3000;0.000367;0.000356;0.261160;0.076788
3000;0.000369;0.000364;0.260268;0.074913
3000;0.000423;0.000349;0.259687;0.076773
3000;0.000409;0.000434;0.268058;0.079750
3000;0.000368;0.000368;0.261444;0.076873
3000;0.000352;0.000347;0.258528;0.075671
3000;0.000358;0.000354;0.261100;0.074753
3000;0.000367;0.000365;0.262968;0.075086
3000;0.000354;0.000350;0.258779;0.074868
3000;0.000353;0.000348;0.260173;0.075712
3000;0.000367;0.000368;0.271226;0.075134
3000;0.000393;0.000349;0.259165;0.080594
3000;0.000396;0.000351;0.308105;0.092674
3000;0.000487;0.000477;0.297365;0.093170
3000;0.000359;0.000347;0.276204;0.078152
3000;0.000428;0.000477;0.274423;0.090692
3000;0.000368;0.000360;0.278640;0.075199
3000;0.000352;0.000351;0.259452;0.074841
3000;0.000352;0.000348;0.259586;0.083564
3000;0.000352;0.000348;0.270408;0.077864
3000;0.000352;0.000405;0.268296;0.079450
3000;0.000453;0.000473;0.269739;0.075036
3000;0.000354;0.000382;0.275510;0.088403
3000;0.000360;0.000348;0.262062;0.075801
3000;0.000360;0.000358;0.259032;0.074875
3000;0.000385;0.000349;0.261861;0.075031
3000;0.000360;0.000354;0.260906;0.075329
3000;0.000358;0.000356;0.259492;0.075051
3000;0.000358;0.000347;0.273755;0.076107
3000;0.000361;0.000349;0.261636;0.077043
